,CD_abs_mean_0,CD_abs_mean_1,CD_abs_mean_2,CD_abs_mean_3,Class_Error,Freerun_Steps,Layer_Activity_0,Layer_Activity_1,Layer_Activity_2,Layer_Activity_3,Layer_Activity_4,Layer_Diversity_0,Layer_Diversity_1,Layer_Diversity_2,Layer_Diversity_3,Layer_Diversity_4,Learnrate,Recon_Error,Temperature,Test_Epoch,Train_Epoch,W_mean_0,W_mean_1,W_mean_2,W_mean_3
0,3.080800771713257,8.91726016998291,6.990845680236816,1.938806176185608,0.1832,4,6571.906517028809,24852.950969696045,26591.161014556885,22065.586387634277,4962.793495178223,0.10999348014593124,0.3382459282875061,0.17065027356147766,0.12434631586074829,0.1763039231300354,[9.099e-05 9.099e-05 9.099e-05 9.099e-05],0.04254370927810669,0.01,100.0,99,1.0,1.0,0.728763222694397,0.6672033667564392
1,3.0605528354644775,8.860058784484863,7.236541271209717,2.4906227588653564,0.1623,5,6600.746778488159,24862.40414428711,26573.763622283936,22088.58017730713,5051.693287372589,0.11414528638124466,0.3514595031738281,0.17386814951896667,0.12733633816242218,0.1309584677219391,[0.001 0.001 0.001 0.001],0.042571164667606354,0.01,102.0,100,0.9999999403953552,1.0000001192092896,0.7290619015693665,0.667923092842102
2,3.061612129211426,8.997764587402344,6.780158042907715,1.4060791730880737,,5,6608.966484069824,24832.26028060913,26475.754444122314,22145.504192352295,5147.160529613495,0.11363552510738373,0.3368268609046936,0.17361432313919067,0.1291723996400833,0.16826999187469482,[0.001 0.001 0.001 0.001],,0.01,,101,0.9999999403953552,1.0,0.7293152809143066,0.6686221957206726
