,Bias_diff_0,Bias_diff_1,Bias_diff_2,Bias_diff_3,CD_abs_mean_0,CD_abs_mean_1,CD_abs_mean_2,Class_Error,Class_Error_Train_Data,Freerun_Steps,Layer_Activity_0,Layer_Activity_1,Layer_Activity_2,Layer_Activity_3,Layer_Diversity_0,Layer_Diversity_1,Layer_Diversity_2,Layer_Diversity_3,Learnrate,Recon_Error,Temperature,Test_Epoch,Train_Epoch,W_diff_0,W_diff_1,W_diff_2,W_mean_0,W_mean_1,W_mean_2
0,0.00198602839373,0.0029333466664,0.00330693600699,0.000864124856889,1.76628530025,2.29006814957,5.4605679512,0.7616,,2,,,,,0.0,0.0,0.0,0.0,"[0.01, 0.01, 0.01]",0.0725452825427,0.01,1.0,0,0.000355644384399,0.000983808422461,0.00249016075395,0.750933170319,0.0318967327476,0.0130230151117
1,0.00133040151559,0.00281694973819,0.00115590542555,0.000690740067512,1.79703378677,1.991517663,5.33506774902,0.547,,10,,,,,0.0,0.0,0.0,0.0,"[0.01, 0.01, 0.01]",0.0643909499049,0.01,3.0,1,0.000220686488319,0.000569386291318,0.00244652968831,0.813323974609,0.046439435333,0.0238221697509
2,0.000610490562394,0.00170493673068,0.000659444194753,0.000253314967267,1.88062548637,2.03647661209,4.91582918167,,,10,,,,,0.135538041592,0.433853387833,0.157830864191,0.164695203304,[ 0.01  0.01  0.01 0.01],,0.01,,2,0.000147605824168,0.000412547204178,0.00236231624149,0.858839154243,0.0582868680358,0.034235201776
