,Bias_diff_0,Bias_diff_1,Bias_diff_2,Bias_diff_3,Bias_diff_4,Bias_diff_5,CD_abs_mean_0,CD_abs_mean_1,CD_abs_mean_2,CD_abs_mean_3,CD_abs_mean_4,Class_Error,Class_Error_Train_Data,Context_Error,Freerun_Steps,Layer_Activity_0,Layer_Activity_1,Layer_Activity_2,Layer_Activity_3,Layer_Activity_4,Layer_Activity_5,Layer_Diversity_0,Layer_Diversity_1,Layer_Diversity_2,Layer_Diversity_3,Layer_Diversity_4,Layer_Diversity_5,Learnrate,Recon_Error,Temperature,Test_Epoch,Train_Epoch,W_diff_0,W_diff_1,W_diff_2,W_diff_3,W_diff_4,W_mean_0,W_mean_1,W_mean_2,W_mean_3,W_mean_4
0,0.0003011083754245192,0.00037435744889080524,4.62026109744329e-05,2.8291915441513993e-05,0.0007215666119009256,2.7336622224538587e-05,3.03289794921875,5.54254674911499,5.846080780029297,2.6632237434387207,5.495001316070557,0.4733,,0.4999350291356444,2,,,,,,,0.0,0.0,0.0,0.0,0.0,0.0,0.001,0.05346931517124176,0.01,1,0,7.54455104470253e-05,0.00011432466271799058,2.2175283447722904e-05,0.0003069272788707167,0.00036098045529797673,0.6478077173233032,0.4195474684238434,0.3425087630748749,0.01547210942953825,0.001946436008438468
